-- phpMyAdmin SQL Dump
-- version 4.5.1
-- http://www.phpmyadmin.net
--
-- Host: 127.0.0.1
-- Creato il: Lug 09, 2017 alle 12:18
-- Versione del server: 10.1.19-MariaDB
-- Versione PHP: 5.6.28

SET SQL_MODE = "NO_AUTO_VALUE_ON_ZERO";
SET time_zone = "+00:00";


/*!40101 SET @OLD_CHARACTER_SET_CLIENT=@@CHARACTER_SET_CLIENT */;
/*!40101 SET @OLD_CHARACTER_SET_RESULTS=@@CHARACTER_SET_RESULTS */;
/*!40101 SET @OLD_COLLATION_CONNECTION=@@COLLATION_CONNECTION */;
/*!40101 SET NAMES utf8mb4 */;

--
-- Database: `fuzzyahp`
--

-- --------------------------------------------------------

--
-- Struttura della tabella `alternative`
--

CREATE TABLE `alternative` (
  `id` int(11) NOT NULL,
  `name` char(20) NOT NULL,
  `description` text NOT NULL,
  `date_insert` date NOT NULL,
  `questionnaire_id` int(11) NOT NULL,
  `user_id` char(30) NOT NULL,
  `dir_path` char(50) NOT NULL,
  `dir_path_file` char(100) NOT NULL
) ENGINE=InnoDB DEFAULT CHARSET=latin1;

--
-- Dump dei dati per la tabella `alternative`
--

INSERT INTO `alternative` (`id`, `name`, `description`, `date_insert`, `questionnaire_id`, `user_id`, `dir_path`, `dir_path_file`) VALUES
(107, 'ENEA', 'Italian agency', '2017-07-05', 168, '', 'media/FusionResearch/ENEA', 'media/FusionResearch/ENEA/enea.png'),
(108, 'KIT', 'German agency', '2017-07-05', 168, '', 'media/FusionResearch/KIT', 'media/FusionResearch/KIT/kit.png'),
(109, 'CCFE', 'UK agency', '2017-07-05', 168, '', 'media/FusionResearch/CCFE', 'media/FusionResearch/CCFE/ccfe.png'),
(124, 'Alternative 1', 'open rectangular ring', '2017-07-06', 176, '', 'media/ELIGERE/Alternative 1', 'media/ELIGERE/Alternative 1/1.png'),
(125, 'Alternative 2', 'closed rectangular ring', '2017-07-06', 176, '', 'media/ELIGERE/Alternative 2', 'media/ELIGERE/Alternative 2/2.png'),
(126, 'Alternative 3', 'elliptical open ring', '2017-07-06', 176, '', 'media/ELIGERE/Alternative 3', 'media/ELIGERE/Alternative 3/3.png'),
(127, 'Alternative 4', 'closed elliptical ring', '2017-07-06', 176, '', 'media/ELIGERE/Alternative 4', 'media/ELIGERE/Alternative 4/4.png'),
(128, 'Alternative 5', 'open circular ring', '2017-07-06', 176, '', 'media/ELIGERE/Alternative 5', 'media/ELIGERE/Alternative 5/5.png'),
(129, 'Alternative 6', 'closed circular ring', '2017-07-06', 176, '', 'media/ELIGERE/Alternative 6', 'media/ELIGERE/Alternative 6/6.png');

-- --------------------------------------------------------

--
-- Struttura della tabella `criteria`
--

CREATE TABLE `criteria` (
  `id` int(11) NOT NULL,
  `name` char(20) NOT NULL,
  `description` text NOT NULL,
  `date_insert` date NOT NULL,
  `quest_id` int(11) NOT NULL
) ENGINE=InnoDB DEFAULT CHARSET=latin1;

--
-- Dump dei dati per la tabella `criteria`
--

INSERT INTO `criteria` (`id`, `name`, `description`, `date_insert`, `quest_id`) VALUES
(59, 'Competence', 'Competence of the employees', '2017-07-05', 168),
(60, 'Facilities', 'Facilities of the center', '2017-07-05', 168),
(61, 'Organization', 'Internal organization and management', '2017-07-05', 168),
(69, 'Criterion 1', 'simplicity of the mechanism', '2017-07-06', 176),
(70, 'Criterion 2', 'Aesthetic design', '2017-07-06', 176),
(71, 'Criterion 3', 'Integrability with sensors and electronics', '2017-07-06', 176);

-- --------------------------------------------------------

--
-- Struttura della tabella `criteria_alternative`
--

CREATE TABLE `criteria_alternative` (
  `id` int(11) NOT NULL,
  `alt1` int(11) NOT NULL,
  `alt2` int(11) NOT NULL,
  `cri_id` int(11) NOT NULL,
  `questionnaire_id` int(11) NOT NULL,
  `user_id` int(11) NOT NULL,
  `date` datetime NOT NULL,
  `linguistic_id` int(11) NOT NULL
) ENGINE=InnoDB DEFAULT CHARSET=latin1;

--
-- Dump dei dati per la tabella `criteria_alternative`
--

INSERT INTO `criteria_alternative` (`id`, `alt1`, `alt2`, `cri_id`, `questionnaire_id`, `user_id`, `date`, `linguistic_id`) VALUES
(651, 107, 108, 59, 168, 81, '2017-07-05 09:20:58', 4),
(652, 107, 108, 60, 168, 81, '2017-07-05 09:20:58', 6),
(653, 107, 108, 61, 168, 81, '2017-07-05 09:20:58', 5),
(654, 107, 109, 59, 168, 81, '2017-07-05 09:20:58', 4),
(655, 107, 109, 60, 168, 81, '2017-07-05 09:20:58', 5),
(656, 107, 109, 61, 168, 81, '2017-07-05 09:20:58', 5),
(657, 108, 109, 59, 168, 81, '2017-07-05 09:20:58', 4),
(658, 108, 109, 60, 168, 81, '2017-07-05 09:20:58', 5),
(659, 108, 109, 61, 168, 81, '2017-07-05 09:20:58', 5),
(714, 107, 108, 59, 168, 109, '2017-07-06 09:46:18', 5),
(715, 107, 108, 60, 168, 109, '2017-07-06 09:46:18', 6),
(716, 107, 108, 61, 168, 109, '2017-07-06 09:46:18', 6),
(717, 107, 109, 59, 168, 109, '2017-07-06 09:46:18', 4),
(718, 107, 109, 60, 168, 109, '2017-07-06 09:46:18', 6),
(719, 107, 109, 61, 168, 109, '2017-07-06 09:46:18', 5),
(720, 108, 109, 59, 168, 109, '2017-07-06 09:46:18', 4),
(721, 108, 109, 60, 168, 109, '2017-07-06 09:46:18', 5),
(722, 108, 109, 61, 168, 109, '2017-07-06 09:46:18', 5),
(759, 124, 125, 69, 176, 114, '2017-07-06 19:52:37', 4),
(760, 124, 125, 70, 176, 114, '2017-07-06 19:52:37', 7),
(761, 124, 125, 71, 176, 114, '2017-07-06 19:52:37', 4),
(762, 124, 126, 69, 176, 114, '2017-07-06 19:52:37', 3),
(763, 124, 126, 70, 176, 114, '2017-07-06 19:52:37', 4),
(764, 124, 126, 71, 176, 114, '2017-07-06 19:52:37', 3),
(765, 124, 127, 69, 176, 114, '2017-07-06 19:52:37', 3),
(766, 124, 127, 70, 176, 114, '2017-07-06 19:52:37', 6),
(767, 124, 127, 71, 176, 114, '2017-07-06 19:52:37', 4),
(768, 124, 128, 69, 176, 114, '2017-07-06 19:52:37', 4),
(769, 124, 128, 70, 176, 114, '2017-07-06 19:52:37', 3),
(770, 124, 128, 71, 176, 114, '2017-07-06 19:52:37', 2),
(771, 124, 129, 69, 176, 114, '2017-07-06 19:52:37', 6),
(772, 124, 129, 70, 176, 114, '2017-07-06 19:52:37', 4),
(773, 124, 129, 71, 176, 114, '2017-07-06 19:52:37', 2),
(774, 125, 126, 69, 176, 114, '2017-07-06 19:52:37', 3),
(775, 125, 126, 70, 176, 114, '2017-07-06 19:52:37', 3),
(776, 125, 126, 71, 176, 114, '2017-07-06 19:52:37', 4),
(777, 125, 127, 69, 176, 114, '2017-07-06 19:52:37', 7),
(778, 125, 127, 70, 176, 114, '2017-07-06 19:52:37', 4),
(779, 125, 127, 71, 176, 114, '2017-07-06 19:52:37', 6),
(780, 125, 128, 69, 176, 114, '2017-07-06 19:52:37', 4),
(781, 125, 128, 70, 176, 114, '2017-07-06 19:52:37', 3),
(782, 125, 128, 71, 176, 114, '2017-07-06 19:52:37', 4),
(783, 125, 129, 69, 176, 114, '2017-07-06 19:52:37', 4),
(784, 125, 129, 70, 176, 114, '2017-07-06 19:52:37', 4),
(785, 125, 129, 71, 176, 114, '2017-07-06 19:52:37', 3),
(786, 126, 127, 69, 176, 114, '2017-07-06 19:52:37', 7),
(787, 126, 127, 70, 176, 114, '2017-07-06 19:52:37', 6),
(788, 126, 127, 71, 176, 114, '2017-07-06 19:52:37', 4),
(789, 126, 128, 69, 176, 114, '2017-07-06 19:52:37', 6),
(790, 126, 128, 70, 176, 114, '2017-07-06 19:52:37', 6),
(791, 126, 128, 71, 176, 114, '2017-07-06 19:52:37', 3),
(792, 126, 129, 69, 176, 114, '2017-07-06 19:52:37', 7),
(793, 126, 129, 70, 176, 114, '2017-07-06 19:52:37', 7),
(794, 126, 129, 71, 176, 114, '2017-07-06 19:52:37', 3),
(795, 127, 128, 69, 176, 114, '2017-07-06 19:52:37', 6),
(796, 127, 128, 70, 176, 114, '2017-07-06 19:52:37', 3),
(797, 127, 128, 71, 176, 114, '2017-07-06 19:52:37', 4),
(798, 127, 129, 69, 176, 114, '2017-07-06 19:52:37', 5),
(799, 127, 129, 70, 176, 114, '2017-07-06 19:52:37', 4),
(800, 127, 129, 71, 176, 114, '2017-07-06 19:52:37', 3),
(801, 128, 129, 69, 176, 114, '2017-07-06 19:52:37', 4),
(802, 128, 129, 70, 176, 114, '2017-07-06 19:52:37', 6),
(803, 128, 129, 71, 176, 114, '2017-07-06 19:52:37', 4),
(804, 124, 125, 69, 176, 115, '2017-07-06 19:58:19', 4),
(805, 124, 125, 70, 176, 115, '2017-07-06 19:58:19', 6),
(806, 124, 125, 71, 176, 115, '2017-07-06 19:58:19', 4),
(807, 124, 126, 69, 176, 115, '2017-07-06 19:58:19', 3),
(808, 124, 126, 70, 176, 115, '2017-07-06 19:58:19', 3),
(809, 124, 126, 71, 176, 115, '2017-07-06 19:58:19', 3),
(810, 124, 127, 69, 176, 115, '2017-07-06 19:58:19', 2),
(811, 124, 127, 70, 176, 115, '2017-07-06 19:58:19', 4),
(812, 124, 127, 71, 176, 115, '2017-07-06 19:58:19', 4),
(813, 124, 128, 69, 176, 115, '2017-07-06 19:58:19', 3),
(814, 124, 128, 70, 176, 115, '2017-07-06 19:58:19', 2),
(815, 124, 128, 71, 176, 115, '2017-07-06 19:58:19', 4),
(816, 124, 129, 69, 176, 115, '2017-07-06 19:58:19', 2),
(817, 124, 129, 70, 176, 115, '2017-07-06 19:58:19', 3),
(818, 124, 129, 71, 176, 115, '2017-07-06 19:58:19', 3),
(819, 125, 126, 69, 176, 115, '2017-07-06 19:58:19', 4),
(820, 125, 126, 70, 176, 115, '2017-07-06 19:58:19', 3),
(821, 125, 126, 71, 176, 115, '2017-07-06 19:58:19', 5),
(822, 125, 127, 69, 176, 115, '2017-07-06 19:58:19', 4),
(823, 125, 127, 70, 176, 115, '2017-07-06 19:58:19', 4),
(824, 125, 127, 71, 176, 115, '2017-07-06 19:58:19', 6),
(825, 125, 128, 69, 176, 115, '2017-07-06 19:58:19', 3),
(826, 125, 128, 70, 176, 115, '2017-07-06 19:58:19', 2),
(827, 125, 128, 71, 176, 115, '2017-07-06 19:58:19', 6),
(828, 125, 129, 69, 176, 115, '2017-07-06 19:58:19', 2),
(829, 125, 129, 70, 176, 115, '2017-07-06 19:58:19', 3),
(830, 125, 129, 71, 176, 115, '2017-07-06 19:58:19', 4),
(831, 126, 127, 69, 176, 115, '2017-07-06 19:58:19', 6),
(832, 126, 127, 70, 176, 115, '2017-07-06 19:58:19', 6),
(833, 126, 127, 71, 176, 115, '2017-07-06 19:58:19', 6),
(834, 126, 128, 69, 176, 115, '2017-07-06 19:58:19', 6),
(835, 126, 128, 70, 176, 115, '2017-07-06 19:58:19', 3),
(836, 126, 128, 71, 176, 115, '2017-07-06 19:58:19', 6),
(837, 126, 129, 69, 176, 115, '2017-07-06 19:58:19', 7),
(838, 126, 129, 70, 176, 115, '2017-07-06 19:58:19', 2),
(839, 126, 129, 71, 176, 115, '2017-07-06 19:58:19', 5),
(840, 127, 128, 69, 176, 115, '2017-07-06 19:58:19', 5),
(841, 127, 128, 70, 176, 115, '2017-07-06 19:58:19', 3),
(842, 127, 128, 71, 176, 115, '2017-07-06 19:58:19', 5),
(843, 127, 129, 69, 176, 115, '2017-07-06 19:58:19', 3),
(844, 127, 129, 70, 176, 115, '2017-07-06 19:58:19', 4),
(845, 127, 129, 71, 176, 115, '2017-07-06 19:58:19', 3),
(846, 128, 129, 69, 176, 115, '2017-07-06 19:58:19', 7),
(847, 128, 129, 70, 176, 115, '2017-07-06 19:58:19', 6),
(848, 128, 129, 71, 176, 115, '2017-07-06 19:58:19', 4),
(849, 124, 125, 69, 176, 116, '2017-07-06 20:02:50', 7),
(850, 124, 125, 70, 176, 116, '2017-07-06 20:02:50', 7),
(851, 124, 125, 71, 176, 116, '2017-07-06 20:02:50', 7),
(852, 124, 126, 69, 176, 116, '2017-07-06 20:02:51', 3),
(853, 124, 126, 70, 176, 116, '2017-07-06 20:02:51', 3),
(854, 124, 126, 71, 176, 116, '2017-07-06 20:02:51', 3),
(855, 124, 127, 69, 176, 116, '2017-07-06 20:02:51', 3),
(856, 124, 127, 70, 176, 116, '2017-07-06 20:02:51', 3),
(857, 124, 127, 71, 176, 116, '2017-07-06 20:02:51', 3),
(858, 124, 128, 69, 176, 116, '2017-07-06 20:02:51', 2),
(859, 124, 128, 70, 176, 116, '2017-07-06 20:02:51', 2),
(860, 124, 128, 71, 176, 116, '2017-07-06 20:02:51', 3),
(861, 124, 129, 69, 176, 116, '2017-07-06 20:02:51', 2),
(862, 124, 129, 70, 176, 116, '2017-07-06 20:02:51', 2),
(863, 124, 129, 71, 176, 116, '2017-07-06 20:02:51', 3),
(864, 125, 126, 69, 176, 116, '2017-07-06 20:02:51', 3),
(865, 125, 126, 70, 176, 116, '2017-07-06 20:02:51', 3),
(866, 125, 126, 71, 176, 116, '2017-07-06 20:02:51', 3),
(867, 125, 127, 69, 176, 116, '2017-07-06 20:02:51', 3),
(868, 125, 127, 70, 176, 116, '2017-07-06 20:02:51', 3),
(869, 125, 127, 71, 176, 116, '2017-07-06 20:02:51', 3),
(870, 125, 128, 69, 176, 116, '2017-07-06 20:02:51', 2),
(871, 125, 128, 70, 176, 116, '2017-07-06 20:02:51', 2),
(872, 125, 128, 71, 176, 116, '2017-07-06 20:02:51', 2),
(873, 125, 129, 69, 176, 116, '2017-07-06 20:02:51', 2),
(874, 125, 129, 70, 176, 116, '2017-07-06 20:02:51', 2),
(875, 125, 129, 71, 176, 116, '2017-07-06 20:02:51', 2),
(876, 126, 127, 69, 176, 116, '2017-07-06 20:02:51', 7),
(877, 126, 127, 70, 176, 116, '2017-07-06 20:02:51', 7),
(878, 126, 127, 71, 176, 116, '2017-07-06 20:02:51', 4),
(879, 126, 128, 69, 176, 116, '2017-07-06 20:02:51', 4),
(880, 126, 128, 70, 176, 116, '2017-07-06 20:02:51', 4),
(881, 126, 128, 71, 176, 116, '2017-07-06 20:02:51', 4),
(882, 126, 129, 69, 176, 116, '2017-07-06 20:02:51', 4),
(883, 126, 129, 70, 176, 116, '2017-07-06 20:02:51', 4),
(884, 126, 129, 71, 176, 116, '2017-07-06 20:02:51', 4),
(885, 127, 128, 69, 176, 116, '2017-07-06 20:02:51', 3),
(886, 127, 128, 70, 176, 116, '2017-07-06 20:02:51', 3),
(887, 127, 128, 71, 176, 116, '2017-07-06 20:02:51', 3),
(888, 127, 129, 69, 176, 116, '2017-07-06 20:02:51', 3),
(889, 127, 129, 70, 176, 116, '2017-07-06 20:02:51', 3),
(890, 127, 129, 71, 176, 116, '2017-07-06 20:02:51', 3),
(891, 128, 129, 69, 176, 116, '2017-07-06 20:02:51', 6),
(892, 128, 129, 70, 176, 116, '2017-07-06 20:02:51', 6),
(893, 128, 129, 71, 176, 116, '2017-07-06 20:02:51', 6),
(894, 124, 125, 69, 176, 117, '2017-07-06 20:07:01', 3),
(895, 124, 125, 70, 176, 117, '2017-07-06 20:07:01', 6),
(896, 124, 125, 71, 176, 117, '2017-07-06 20:07:01', 7),
(897, 124, 126, 69, 176, 117, '2017-07-06 20:07:01', 2),
(898, 124, 126, 70, 176, 117, '2017-07-06 20:07:01', 3),
(899, 124, 126, 71, 176, 117, '2017-07-06 20:07:01', 6),
(900, 124, 127, 69, 176, 117, '2017-07-06 20:07:01', 4),
(901, 124, 127, 70, 176, 117, '2017-07-06 20:07:01', 6),
(902, 124, 127, 71, 176, 117, '2017-07-06 20:07:01', 6),
(903, 124, 128, 69, 176, 117, '2017-07-06 20:07:01', 3),
(904, 124, 128, 70, 176, 117, '2017-07-06 20:07:01', 3),
(905, 124, 128, 71, 176, 117, '2017-07-06 20:07:01', 8),
(906, 124, 129, 69, 176, 117, '2017-07-06 20:07:01', 3),
(907, 124, 129, 70, 176, 117, '2017-07-06 20:07:01', 3),
(908, 124, 129, 71, 176, 117, '2017-07-06 20:07:01', 8),
(909, 125, 126, 69, 176, 117, '2017-07-06 20:07:01', 2),
(910, 125, 126, 70, 176, 117, '2017-07-06 20:07:01', 3),
(911, 125, 126, 71, 176, 117, '2017-07-06 20:07:01', 6),
(912, 125, 127, 69, 176, 117, '2017-07-06 20:07:01', 3),
(913, 125, 127, 70, 176, 117, '2017-07-06 20:07:01', 6),
(914, 125, 127, 71, 176, 117, '2017-07-06 20:07:01', 6),
(915, 125, 128, 69, 176, 117, '2017-07-06 20:07:01', 3),
(916, 125, 128, 70, 176, 117, '2017-07-06 20:07:01', 3),
(917, 125, 128, 71, 176, 117, '2017-07-06 20:07:01', 7),
(918, 125, 129, 69, 176, 117, '2017-07-06 20:07:01', 3),
(919, 125, 129, 70, 176, 117, '2017-07-06 20:07:01', 3),
(920, 125, 129, 71, 176, 117, '2017-07-06 20:07:01', 7),
(921, 126, 127, 69, 176, 117, '2017-07-06 20:07:01', 7),
(922, 126, 127, 70, 176, 117, '2017-07-06 20:07:01', 7),
(923, 126, 127, 71, 176, 117, '2017-07-06 20:07:01', 6),
(924, 126, 128, 69, 176, 117, '2017-07-06 20:07:01', 6),
(925, 126, 128, 70, 176, 117, '2017-07-06 20:07:01', 6),
(926, 126, 128, 71, 176, 117, '2017-07-06 20:07:01', 7),
(927, 126, 129, 69, 176, 117, '2017-07-06 20:07:01', 5),
(928, 126, 129, 70, 176, 117, '2017-07-06 20:07:01', 6),
(929, 126, 129, 71, 176, 117, '2017-07-06 20:07:01', 7),
(930, 127, 128, 69, 176, 117, '2017-07-06 20:07:01', 3),
(931, 127, 128, 70, 176, 117, '2017-07-06 20:07:01', 3),
(932, 127, 128, 71, 176, 117, '2017-07-06 20:07:01', 6),
(933, 127, 129, 69, 176, 117, '2017-07-06 20:07:01', 5),
(934, 127, 129, 70, 176, 117, '2017-07-06 20:07:01', 3),
(935, 127, 129, 71, 176, 117, '2017-07-06 20:07:01', 6),
(936, 128, 129, 69, 176, 117, '2017-07-06 20:07:01', 5),
(937, 128, 129, 70, 176, 117, '2017-07-06 20:07:01', 6),
(938, 128, 129, 71, 176, 117, '2017-07-06 20:07:01', 5),
(939, 124, 125, 69, 176, 118, '2017-07-06 20:12:25', 3),
(940, 124, 125, 70, 176, 118, '2017-07-06 20:12:25', 6),
(941, 124, 125, 71, 176, 118, '2017-07-06 20:12:25', 5),
(942, 124, 126, 69, 176, 118, '2017-07-06 20:12:25', 3),
(943, 124, 126, 70, 176, 118, '2017-07-06 20:12:25', 6),
(944, 124, 126, 71, 176, 118, '2017-07-06 20:12:25', 5),
(945, 124, 127, 69, 176, 118, '2017-07-06 20:12:25', 2),
(946, 124, 127, 70, 176, 118, '2017-07-06 20:12:25', 6),
(947, 124, 127, 71, 176, 118, '2017-07-06 20:12:25', 5),
(948, 124, 128, 69, 176, 118, '2017-07-06 20:12:25', 4),
(949, 124, 128, 70, 176, 118, '2017-07-06 20:12:25', 5),
(950, 124, 128, 71, 176, 118, '2017-07-06 20:12:25', 4),
(951, 124, 129, 69, 176, 118, '2017-07-06 20:12:25', 3),
(952, 124, 129, 70, 176, 118, '2017-07-06 20:12:25', 6),
(953, 124, 129, 71, 176, 118, '2017-07-06 20:12:25', 4),
(954, 125, 126, 69, 176, 118, '2017-07-06 20:12:25', 4),
(955, 125, 126, 70, 176, 118, '2017-07-06 20:12:25', 6),
(956, 125, 126, 71, 176, 118, '2017-07-06 20:12:25', 5),
(957, 125, 127, 69, 176, 118, '2017-07-06 20:12:25', 3),
(958, 125, 127, 70, 176, 118, '2017-07-06 20:12:25', 6),
(959, 125, 127, 71, 176, 118, '2017-07-06 20:12:25', 5),
(960, 125, 128, 69, 176, 118, '2017-07-06 20:12:25', 5),
(961, 125, 128, 70, 176, 118, '2017-07-06 20:12:25', 4),
(962, 125, 128, 71, 176, 118, '2017-07-06 20:12:25', 4),
(963, 125, 129, 69, 176, 118, '2017-07-06 20:12:25', 3),
(964, 125, 129, 70, 176, 118, '2017-07-06 20:12:25', 4),
(965, 125, 129, 71, 176, 118, '2017-07-06 20:12:25', 4),
(966, 126, 127, 69, 176, 118, '2017-07-06 20:12:25', 3),
(967, 126, 127, 70, 176, 118, '2017-07-06 20:12:25', 6),
(968, 126, 127, 71, 176, 118, '2017-07-06 20:12:25', 5),
(969, 126, 128, 69, 176, 118, '2017-07-06 20:12:25', 6),
(970, 126, 128, 70, 176, 118, '2017-07-06 20:12:25', 4),
(971, 126, 128, 71, 176, 118, '2017-07-06 20:12:25', 4),
(972, 126, 129, 69, 176, 118, '2017-07-06 20:12:25', 6),
(973, 126, 129, 70, 176, 118, '2017-07-06 20:12:25', 4),
(974, 126, 129, 71, 176, 118, '2017-07-06 20:12:25', 4),
(975, 127, 128, 69, 176, 118, '2017-07-06 20:12:25', 7),
(976, 127, 128, 70, 176, 118, '2017-07-06 20:12:25', 3),
(977, 127, 128, 71, 176, 118, '2017-07-06 20:12:25', 4),
(978, 127, 129, 69, 176, 118, '2017-07-06 20:12:25', 5),
(979, 127, 129, 70, 176, 118, '2017-07-06 20:12:25', 4),
(980, 127, 129, 71, 176, 118, '2017-07-06 20:12:25', 4),
(981, 128, 129, 69, 176, 118, '2017-07-06 20:12:25', 3),
(982, 128, 129, 70, 176, 118, '2017-07-06 20:12:25', 6),
(983, 128, 129, 71, 176, 118, '2017-07-06 20:12:25', 5),
(984, 124, 125, 69, 176, 119, '2017-07-06 20:18:27', 4),
(985, 124, 125, 70, 176, 119, '2017-07-06 20:18:27', 7),
(986, 124, 125, 71, 176, 119, '2017-07-06 20:18:27', 4),
(987, 124, 126, 69, 176, 119, '2017-07-06 20:18:27', 3),
(988, 124, 126, 70, 176, 119, '2017-07-06 20:18:27', 6),
(989, 124, 126, 71, 176, 119, '2017-07-06 20:18:27', 4),
(990, 124, 127, 69, 176, 119, '2017-07-06 20:18:27', 5),
(991, 124, 127, 70, 176, 119, '2017-07-06 20:18:27', 7),
(992, 124, 127, 71, 176, 119, '2017-07-06 20:18:27', 5),
(993, 124, 128, 69, 176, 119, '2017-07-06 20:18:27', 5),
(994, 124, 128, 70, 176, 119, '2017-07-06 20:18:27', 6),
(995, 124, 128, 71, 176, 119, '2017-07-06 20:18:27', 4),
(996, 124, 129, 69, 176, 119, '2017-07-06 20:18:27', 3),
(997, 124, 129, 70, 176, 119, '2017-07-06 20:18:27', 7),
(998, 124, 129, 71, 176, 119, '2017-07-06 20:18:27', 3),
(999, 125, 126, 69, 176, 119, '2017-07-06 20:18:27', 3),
(1000, 125, 126, 70, 176, 119, '2017-07-06 20:18:27', 3),
(1001, 125, 126, 71, 176, 119, '2017-07-06 20:18:27', 4),
(1002, 125, 127, 69, 176, 119, '2017-07-06 20:18:27', 6),
(1003, 125, 127, 70, 176, 119, '2017-07-06 20:18:27', 6),
(1004, 125, 127, 71, 176, 119, '2017-07-06 20:18:27', 6),
(1005, 125, 128, 69, 176, 119, '2017-07-06 20:18:27', 6),
(1006, 125, 128, 70, 176, 119, '2017-07-06 20:18:27', 4),
(1007, 125, 128, 71, 176, 119, '2017-07-06 20:18:27', 6),
(1008, 125, 129, 69, 176, 119, '2017-07-06 20:18:27', 4),
(1009, 125, 129, 70, 176, 119, '2017-07-06 20:18:27', 5),
(1010, 125, 129, 71, 176, 119, '2017-07-06 20:18:27', 4),
(1011, 126, 127, 69, 176, 119, '2017-07-06 20:18:27', 6),
(1012, 126, 127, 70, 176, 119, '2017-07-06 20:18:27', 7),
(1013, 126, 127, 71, 176, 119, '2017-07-06 20:18:27', 7),
(1014, 126, 128, 69, 176, 119, '2017-07-06 20:18:27', 6),
(1015, 126, 128, 70, 176, 119, '2017-07-06 20:18:27', 6),
(1016, 126, 128, 71, 176, 119, '2017-07-06 20:18:27', 6),
(1017, 126, 129, 69, 176, 119, '2017-07-06 20:18:27', 5),
(1018, 126, 129, 70, 176, 119, '2017-07-06 20:18:27', 7),
(1019, 126, 129, 71, 176, 119, '2017-07-06 20:18:27', 4),
(1020, 127, 128, 69, 176, 119, '2017-07-06 20:18:27', 5),
(1021, 127, 128, 70, 176, 119, '2017-07-06 20:18:27', 3),
(1022, 127, 128, 71, 176, 119, '2017-07-06 20:18:27', 3),
(1023, 127, 129, 69, 176, 119, '2017-07-06 20:18:27', 3),
(1024, 127, 129, 70, 176, 119, '2017-07-06 20:18:27', 4),
(1025, 127, 129, 71, 176, 119, '2017-07-06 20:18:27', 3),
(1026, 128, 129, 69, 176, 119, '2017-07-06 20:18:27', 4),
(1027, 128, 129, 70, 176, 119, '2017-07-06 20:18:27', 7),
(1028, 128, 129, 71, 176, 119, '2017-07-06 20:18:27', 4),
(1029, 124, 125, 69, 176, 120, '2017-07-06 20:24:36', 3),
(1030, 124, 125, 70, 176, 120, '2017-07-06 20:24:36', 6),
(1031, 124, 125, 71, 176, 120, '2017-07-06 20:24:36', 7),
(1032, 124, 126, 69, 176, 120, '2017-07-06 20:24:36', 3),
(1033, 124, 126, 70, 176, 120, '2017-07-06 20:24:36', 6),
(1034, 124, 126, 71, 176, 120, '2017-07-06 20:24:36', 4),
(1035, 124, 127, 69, 176, 120, '2017-07-06 20:24:36', 3),
(1036, 124, 127, 70, 176, 120, '2017-07-06 20:24:36', 7),
(1037, 124, 127, 71, 176, 120, '2017-07-06 20:24:36', 7),
(1038, 124, 128, 69, 176, 120, '2017-07-06 20:24:36', 4),
(1039, 124, 128, 70, 176, 120, '2017-07-06 20:24:36', 4),
(1040, 124, 128, 71, 176, 120, '2017-07-06 20:24:36', 6),
(1041, 124, 129, 69, 176, 120, '2017-07-06 20:24:36', 3),
(1042, 124, 129, 70, 176, 120, '2017-07-06 20:24:36', 4),
(1043, 124, 129, 71, 176, 120, '2017-07-06 20:24:36', 7),
(1044, 125, 126, 69, 176, 120, '2017-07-06 20:24:36', 5),
(1045, 125, 126, 70, 176, 120, '2017-07-06 20:24:36', 5),
(1046, 125, 126, 71, 176, 120, '2017-07-06 20:24:36', 3),
(1047, 125, 127, 69, 176, 120, '2017-07-06 20:24:36', 5),
(1048, 125, 127, 70, 176, 120, '2017-07-06 20:24:36', 7),
(1049, 125, 127, 71, 176, 120, '2017-07-06 20:24:36', 4),
(1050, 125, 128, 69, 176, 120, '2017-07-06 20:24:36', 6),
(1051, 125, 128, 70, 176, 120, '2017-07-06 20:24:36', 4),
(1052, 125, 128, 71, 176, 120, '2017-07-06 20:24:36', 5),
(1053, 125, 129, 69, 176, 120, '2017-07-06 20:24:36', 4),
(1054, 125, 129, 70, 176, 120, '2017-07-06 20:24:36', 3),
(1055, 125, 129, 71, 176, 120, '2017-07-06 20:24:36', 6),
(1056, 126, 127, 69, 176, 120, '2017-07-06 20:24:36', 5),
(1057, 126, 127, 70, 176, 120, '2017-07-06 20:24:36', 7),
(1058, 126, 127, 71, 176, 120, '2017-07-06 20:24:36', 5),
(1059, 126, 128, 69, 176, 120, '2017-07-06 20:24:36', 6),
(1060, 126, 128, 70, 176, 120, '2017-07-06 20:24:36', 5),
(1061, 126, 128, 71, 176, 120, '2017-07-06 20:24:36', 4),
(1062, 126, 129, 69, 176, 120, '2017-07-06 20:24:36', 4),
(1063, 126, 129, 70, 176, 120, '2017-07-06 20:24:36', 4),
(1064, 126, 129, 71, 176, 120, '2017-07-06 20:24:36', 7),
(1065, 127, 128, 69, 176, 120, '2017-07-06 20:24:36', 6),
(1066, 127, 128, 70, 176, 120, '2017-07-06 20:24:36', 3),
(1067, 127, 128, 71, 176, 120, '2017-07-06 20:24:36', 5),
(1068, 127, 129, 69, 176, 120, '2017-07-06 20:24:36', 5),
(1069, 127, 129, 70, 176, 120, '2017-07-06 20:24:36', 2),
(1070, 127, 129, 71, 176, 120, '2017-07-06 20:24:36', 6),
(1071, 128, 129, 69, 176, 120, '2017-07-06 20:24:36', 4),
(1072, 128, 129, 70, 176, 120, '2017-07-06 20:24:36', 4),
(1073, 128, 129, 71, 176, 120, '2017-07-06 20:24:36', 7),
(1074, 107, 108, 59, 168, 121, '2017-07-06 22:11:54', 5),
(1075, 107, 108, 60, 168, 121, '2017-07-06 22:11:54', 2),
(1076, 107, 108, 61, 168, 121, '2017-07-06 22:11:54', 2),
(1077, 107, 109, 59, 168, 121, '2017-07-06 22:11:54', 3),
(1078, 107, 109, 60, 168, 121, '2017-07-06 22:11:54', 6),
(1079, 107, 109, 61, 168, 121, '2017-07-06 22:11:54', 7),
(1080, 108, 109, 59, 168, 121, '2017-07-06 22:11:54', 5),
(1081, 108, 109, 60, 168, 121, '2017-07-06 22:11:54', 5),
(1082, 108, 109, 61, 168, 121, '2017-07-06 22:11:54', 5),
(1083, 107, 108, 59, 168, 106, '2017-07-07 10:37:25', 4),
(1084, 107, 108, 60, 168, 106, '2017-07-07 10:37:25', 6),
(1085, 107, 108, 61, 168, 106, '2017-07-07 10:37:25', 5),
(1086, 107, 109, 59, 168, 106, '2017-07-07 10:37:25', 4),
(1087, 107, 109, 60, 168, 106, '2017-07-07 10:37:25', 5),
(1088, 107, 109, 61, 168, 106, '2017-07-07 10:37:25', 5),
(1089, 108, 109, 59, 168, 106, '2017-07-07 10:37:25', 4),
(1090, 108, 109, 60, 168, 106, '2017-07-07 10:37:25', 5),
(1091, 108, 109, 61, 168, 106, '2017-07-07 10:37:25', 4);

-- --------------------------------------------------------

--
-- Struttura della tabella `final_score`
--

CREATE TABLE `final_score` (
  `id` int(11) NOT NULL,
  `quest_id` int(11) NOT NULL,
  `date` datetime NOT NULL,
  `alternative` varchar(1000) NOT NULL,
  `value` double NOT NULL
) ENGINE=InnoDB DEFAULT CHARSET=latin1;

--
-- Dump dei dati per la tabella `final_score`
--

INSERT INTO `final_score` (`id`, `quest_id`, `date`, `alternative`, `value`) VALUES
(523, 176, '2017-07-06 20:27:32', '124', 0.25073117),
(524, 176, '2017-07-06 20:27:32', '125', 0.232484251),
(525, 176, '2017-07-06 20:27:32', '126', 0.115441188),
(526, 176, '2017-07-06 20:27:32', '127', 0.188329995),
(527, 176, '2017-07-06 20:27:32', '128', 0.118150026),
(528, 176, '2017-07-06 20:27:32', '129', 0.0948632956),
(529, 168, '2017-07-06 22:47:01', '107', 0.376688033),
(530, 168, '2017-07-06 22:47:01', '108', 0.317166656),
(531, 168, '2017-07-06 22:47:01', '109', 0.3061454);

-- --------------------------------------------------------

--
-- Struttura della tabella `job_cat`
--

CREATE TABLE `job_cat` (
  `job_id` int(11) NOT NULL,
  `job_name` varchar(100) CHARACTER SET utf8 NOT NULL
) ENGINE=InnoDB DEFAULT CHARSET=utf8 COLLATE=utf8_unicode_ci;

--
-- Dump dei dati per la tabella `job_cat`
--

INSERT INTO `job_cat` (`job_id`, `job_name`) VALUES
(1, 'Academic Jobs Australia'),
(2, 'Academic Jobs Europe'),
(3, 'Accountancy'),
(4, 'Administrative Assistant Jobs'),
(5, 'Administrative Officer Jobs'),
(6, 'Admissions Officer Jobs'),
(7, 'Aeronautical Engineering'),
(9, 'Agriculture and Food'),
(11, 'Anatomy'),
(12, 'Anthropology'),
(13, 'Applied Social Work'),
(14, 'Architecture, Building and Planning'),
(16, 'Assistant Professor Jobs'),
(17, 'Astronomy'),
(18, 'Australasia'),
(19, 'Biochemistry'),
(20, 'Bioinformatician Jobs'),
(21, 'Biology'),
(22, 'Biomedical Scientist Jobs'),
(23, 'Biophysics'),
(24, 'Biotechnology'),
(25, 'Botany'),
(26, 'Building'),
(27, 'Business and Administration'),
(28, 'Business Development Manager Jobs'),
(29, 'Careers Advisor Jobs'),
(30, 'Catering'),
(31, 'Chemical Engineering'),
(32, 'Chemistry'),
(33, 'Civil Engineering'),
(34, 'Classics'),
(35, 'Clinical Research Associate Jobs'),
(36, 'Clinical Trial Jobs'),
(37, 'Communication Studies'),
(38, 'Computer Science'),
(39, 'Computing'),
(40, 'Country Planning'),
(41, 'Creative Arts and Design'),
(42, 'Design'),
(43, 'Drama'),
(44, 'Economics'),
(45, 'Economist'),
(46, 'Education'),
(47, 'Education Studies'),
(48, 'Electrical Engineering'),
(49, 'Engineer'),
(50, 'Engineering and Technology'),
(51, 'Europe'),
(52, 'Faculty Jobs'),
(53, 'Fine Art'),
(54, 'Forestry'),
(55, 'Further Education'),
(56, 'General Research'),
(57, 'General Social Sciences'),
(58, 'Genetics'),
(59, 'Geography'),
(60, 'Geology'),
(61, 'Government'),
(62, 'Graduate'),
(63, 'Hardware'),
(64, 'Health and Medical'),
(65, 'History'),
(66, 'History of Art'),
(67, 'Hotel'),
(68, 'HR'),
(69, 'Human Geography'),
(70, 'Human Resources'),
(71, 'Humanities'),
(72, 'Information Management'),
(73, 'Information Science'),
(74, 'International Office Jobs'),
(75, 'Internet'),
(76, 'Jobs in UAE'),
(77, 'Journalism'),
(78, 'KTP Associate Jobs'),
(79, 'Laboratory Technician Jobs'),
(80, 'Land Management'),
(81, 'Languages'),
(82, 'Law'),
(83, 'Lecturer Jobs'),
(84, 'Leisure'),
(85, 'Leisure Management'),
(86, 'Librarianship'),
(87, 'Librarianship'),
(88, 'Library Assistant Jobs'),
(89, 'Linguistics'),
(90, 'Literature'),
(91, 'London Jobs'),
(92, 'Management'),
(93, 'Maritime Technology'),
(94, 'Marketing'),
(95, 'Materials Science'),
(96, 'Mathematics'),
(97, 'Mechanical Engineering'),
(98, 'Media and Communications'),
(99, 'Medical Technician Jobs'),
(100, 'Medical Technology'),
(101, 'Medicine'),
(102, 'Microbiology'),
(103, 'Midlands'),
(104, 'Minerals Technology'),
(105, 'Modern Languages'),
(106, 'Molecular Biology'),
(107, 'Music'),
(108, 'Northern England'),
(109, 'Northern Ireland'),
(110, 'Nursing'),
(111, 'Nutrition'),
(112, 'Oceanography'),
(113, 'Personnel'),
(114, 'Pharmacology'),
(115, 'Pharmacy'),
(116, 'PhD Bursary Jobs'),
(117, 'PhD Jobs'),
(118, 'PhD Research Studentship Jobs'),
(119, 'PhD Scholarships'),
(120, 'PhD Studentships'),
(121, 'Philosophy'),
(122, 'Physical Sciences'),
(123, 'Physics'),
(124, 'Physiology'),
(125, 'Politics and Government'),
(126, 'Postdoc'),
(127, 'Postdoctoral Research Assistant Jobs'),
(128, 'Postdoctoral Research Associate Jobs'),
(129, 'Postdoctoral Research Fellow Jobs'),
(130, 'Postdoctoral Researcher Jobs'),
(131, 'Postdoctoral Scientist Jobs'),
(132, 'Production Engineering'),
(133, 'Professor Jobs'),
(134, 'Programme Administrator Jobs'),
(135, 'Programme Manager Jobs'),
(136, 'Programming'),
(137, 'Project Manager Jobs'),
(138, 'Project Officer Jobs'),
(139, 'Property Management'),
(140, 'Psychology'),
(141, 'Public Sector'),
(142, 'Publishing'),
(143, 'Religion'),
(144, 'Republic of Ireland'),
(145, 'Research Administrator Jobs'),
(146, 'Research Assistant Jobs'),
(147, 'Research Associate Jobs'),
(148, 'Research Fellow'),
(149, 'Research Manager Jobs'),
(150, 'Research Nurse Jobs'),
(151, 'Research Officer Jobs'),
(152, 'Research Scientist Jobs'),
(153, 'Research Technician Jobs'),
(154, 'Researcher Jobs'),
(155, 'Science'),
(156, 'Science Technician Jobs'),
(157, 'Scientific'),
(158, 'Scotland'),
(159, 'Senior Academic Jobs'),
(160, 'Senior Lecturer Jobs'),
(161, 'Senior Research Assistant Jobs'),
(162, 'Senior Research Associate Jobs'),
(163, 'Senior Research Fellow Jobs'),
(164, 'Social Administration'),
(165, 'Social Policy'),
(166, 'Social Sciences and Social Care'),
(167, 'Sociology'),
(168, 'Software Engineering'),
(169, 'South East England'),
(170, 'South West England'),
(171, 'Sport and Leisure'),
(172, 'Sports Coaching'),
(173, 'Sports Management'),
(174, 'Sports Science'),
(175, 'Statistician Jobs'),
(176, 'Statistics'),
(177, 'Student Recruitment Jobs'),
(178, 'Student Support Jobs'),
(179, 'Teach English'),
(180, 'Teacher Training'),
(181, 'Teaching'),
(182, 'Teaching Fellow Jobs'),
(183, 'Technician Jobs'),
(184, 'TEFL'),
(185, 'TESL'),
(186, 'TESOL'),
(187, 'Theology'),
(188, 'Town Planning'),
(189, 'Travel'),
(191, 'University'),
(192, 'University Administration Jobs'),
(193, 'University Admissions Jobs'),
(194, 'University Jobs Abroad'),
(195, 'University Jobs Australia'),
(196, 'University Marketing Jobs'),
(197, 'University Teaching UK'),
(198, 'Veterinary Science'),
(199, 'Visiting Professor Jobs and Visiting Lecturer Jobs'),
(200, 'Wales'),
(201, 'Zoology');

-- --------------------------------------------------------

--
-- Struttura della tabella `linguistic_scale`
--

CREATE TABLE `linguistic_scale` (
  `id` int(11) NOT NULL,
  `description` char(50) NOT NULL,
  `simbol` char(10) NOT NULL,
  `num` int(11) NOT NULL
) ENGINE=InnoDB DEFAULT CHARSET=latin1;

--
-- Dump dei dati per la tabella `linguistic_scale`
--

INSERT INTO `linguistic_scale` (`id`, `description`, `simbol`, `num`) VALUES
(2, 'Absolutely more important', '+++', 7),
(3, 'More important', '++', 6),
(4, 'Weakly more important', '+', 5),
(5, 'Equally important', '=', 4),
(6, 'Weakly less important', '-', 3),
(7, 'Less important', '--', 2),
(8, 'Absolutely less important', '---', 1);

-- --------------------------------------------------------

--
-- Struttura della tabella `login_attempts`
--

CREATE TABLE `login_attempts` (
  `user_id` int(11) NOT NULL,
  `time` varchar(30) NOT NULL
) ENGINE=InnoDB DEFAULT CHARSET=latin1;

-- --------------------------------------------------------

--
-- Struttura della tabella `questionnaire`
--

CREATE TABLE `questionnaire` (
  `id` int(11) NOT NULL,
  `name` char(20) NOT NULL,
  `description` text NOT NULL,
  `date` datetime NOT NULL,
  `complete` bit(1) NOT NULL DEFAULT b'0',
  `dir` char(20) NOT NULL,
  `password` char(30) NOT NULL,
  `elaborated` bit(1) NOT NULL DEFAULT b'0',
  `elaboration_date` datetime NOT NULL
) ENGINE=InnoDB DEFAULT CHARSET=latin1;

--
-- Dump dei dati per la tabella `questionnaire`
--

INSERT INTO `questionnaire` (`id`, `name`, `description`, `date`, `complete`, `dir`, `password`, `elaborated`, `elaboration_date`) VALUES
(168, 'FusionResearch', 'Selection of the best nuclear fusion research center ', '2017-07-05 09:15:09', b'1', 'media/FusionResearch', 'fusion2017', b'1', '2017-07-06 22:47:01'),
(176, 'ELIGERE', 'test', '2017-07-06 19:41:23', b'1', 'media/ELIGERE', 'test', b'1', '2017-07-06 20:27:32');

-- --------------------------------------------------------

--
-- Struttura della tabella `questionnarie_user`
--

CREATE TABLE `questionnarie_user` (
  `id` int(11) NOT NULL,
  `quest_id` int(11) NOT NULL,
  `user_id` int(11) NOT NULL,
  `date` date NOT NULL,
  `complete` int(11) NOT NULL DEFAULT '0'
) ENGINE=InnoDB DEFAULT CHARSET=latin1;

--
-- Dump dei dati per la tabella `questionnarie_user`
--

INSERT INTO `questionnarie_user` (`id`, `quest_id`, `user_id`, `date`, `complete`) VALUES
(81, 168, 81, '2017-07-05', 1),
(90, 168, 109, '2017-07-06', 1),
(98, 176, 114, '2017-07-06', 1),
(99, 176, 115, '2017-07-06', 1),
(100, 176, 116, '2017-07-06', 1),
(101, 176, 117, '2017-07-06', 1),
(103, 176, 118, '2017-07-06', 1),
(104, 176, 119, '2017-07-06', 1),
(105, 176, 120, '2017-07-06', 1),
(106, 168, 121, '2017-07-06', 1),
(107, 168, 106, '2017-07-07', 1);

-- --------------------------------------------------------

--
-- Struttura della tabella `questions`
--

CREATE TABLE `questions` (
  `date` datetime NOT NULL,
  `id` int(11) NOT NULL,
  `questionnaire` int(11) NOT NULL,
  `cr1` int(11) NOT NULL,
  `cr2` int(11) NOT NULL,
  `description` char(150) NOT NULL,
  `description_long` char(200) NOT NULL
) ENGINE=InnoDB DEFAULT CHARSET=latin1;

--
-- Dump dei dati per la tabella `questions`
--

INSERT INTO `questions` (`date`, `id`, `questionnaire`, `cr1`, `cr2`, `description`, `description_long`) VALUES
('0000-00-00 00:00:00', 477, 168, 59, 60, 'C159C260', 'How important is the <b>Competence of the employees</b>  when it is compared to <b>Facilities of the center</b>?'),
('0000-00-00 00:00:00', 479, 168, 59, 61, 'C159C261', 'How important is the <b>Competence of the employees</b>  when it is compared to <b>Internal organization and management</b>?'),
('0000-00-00 00:00:00', 480, 168, 60, 61, 'C160C261', 'How important is the <b>Facilities of the center</b>  when it is compared to <b>Internal organization and management</b>?'),
('0000-00-00 00:00:00', 490, 176, 69, 70, 'C169C270', 'How important is the <b>simplicity of the mechanism</b>  when it is compared to <b>Aesthetic design</b>?'),
('0000-00-00 00:00:00', 492, 176, 69, 71, 'C169C271', 'How important is the <b>simplicity of the mechanism</b>  when it is compared to <b>Integrability with sensors and electronics</b>?'),
('0000-00-00 00:00:00', 493, 176, 70, 71, 'C170C271', 'How important is the <b>Aesthetic design</b>  when it is compared to <b>Integrability with sensors and electronics</b>?');

-- --------------------------------------------------------

--
-- Struttura della tabella `question_linguistic_scale`
--

CREATE TABLE `question_linguistic_scale` (
  `id` int(11) NOT NULL,
  `questions_id` int(11) NOT NULL,
  `user` int(11) NOT NULL,
  `ling_scale_id` int(11) NOT NULL,
  `quest_id` int(11) NOT NULL
) ENGINE=InnoDB DEFAULT CHARSET=latin1;

--
-- Dump dei dati per la tabella `question_linguistic_scale`
--

INSERT INTO `question_linguistic_scale` (`id`, `questions_id`, `user`, `ling_scale_id`, `quest_id`) VALUES
(137, 477, 81, 4, 168),
(138, 479, 81, 3, 168),
(139, 480, 81, 4, 168),
(164, 477, 109, 4, 168),
(165, 479, 109, 3, 168),
(166, 480, 109, 3, 168),
(197, 490, 114, 6, 176),
(198, 492, 114, 5, 176),
(199, 493, 114, 4, 176),
(200, 490, 115, 4, 176),
(201, 492, 115, 6, 176),
(202, 493, 115, 7, 176),
(203, 490, 116, 4, 176),
(204, 492, 116, 6, 176),
(205, 493, 116, 7, 176),
(206, 490, 117, 3, 176),
(207, 492, 117, 5, 176),
(208, 493, 117, 6, 176),
(209, 490, 118, 4, 176),
(210, 492, 118, 4, 176),
(211, 493, 118, 6, 176),
(212, 490, 119, 4, 176),
(213, 492, 119, 6, 176),
(214, 493, 119, 6, 176),
(215, 490, 120, 4, 176),
(216, 492, 120, 6, 176),
(217, 493, 120, 6, 176),
(218, 477, 121, 2, 168),
(219, 479, 121, 5, 168),
(220, 480, 121, 7, 168),
(221, 477, 106, 4, 168),
(222, 479, 106, 5, 168),
(223, 480, 106, 6, 168);

-- --------------------------------------------------------

--
-- Struttura della tabella `results_preferences`
--

CREATE TABLE `results_preferences` (
  `id` int(11) NOT NULL,
  `criteria` int(11) NOT NULL,
  `date` datetime NOT NULL,
  `quest_id` int(11) NOT NULL,
  `value` double NOT NULL
) ENGINE=InnoDB DEFAULT CHARSET=latin1;

--
-- Dump dei dati per la tabella `results_preferences`
--

INSERT INTO `results_preferences` (`id`, `criteria`, `date`, `quest_id`, `value`) VALUES
(295, 0, '2017-07-06 20:27:18', 176, 0.37191999),
(296, 1, '2017-07-06 20:27:18', 176, 0.237380385),
(297, 2, '2017-07-06 20:27:18', 176, 0.390699595),
(298, 0, '2017-07-06 22:46:59', 168, 0.365023196),
(299, 1, '2017-07-06 22:46:59', 168, 0.365023196),
(300, 2, '2017-07-06 22:46:59', 168, 0.269953668);

-- --------------------------------------------------------

--
-- Struttura della tabella `results_suitability`
--

CREATE TABLE `results_suitability` (
  `id` int(11) NOT NULL,
  `quest_id` int(11) NOT NULL,
  `date` datetime NOT NULL,
  `criteria` int(11) NOT NULL,
  `alternative` varchar(1000) NOT NULL,
  `value` double NOT NULL
) ENGINE=InnoDB DEFAULT CHARSET=latin1;

--
-- Dump dei dati per la tabella `results_suitability`
--

INSERT INTO `results_suitability` (`id`, `quest_id`, `date`, `criteria`, `alternative`, `value`) VALUES
(1486, 144, '2017-07-05 10:30:12', 0, '0', 0.324120134),
(1487, 144, '2017-07-05 10:30:12', 0, '1', 0.25180003),
(1488, 144, '2017-07-05 10:30:12', 0, '2', 0.0693411008),
(1489, 144, '2017-07-05 10:30:12', 0, '3', 0.151545733),
(1490, 144, '2017-07-05 10:30:12', 0, '4', 0.134602696),
(1491, 144, '2017-07-05 10:30:12', 0, '5', 0.0685902238),
(1492, 144, '2017-07-05 10:30:12', 1, '0', 0.199935094),
(1493, 144, '2017-07-05 10:30:12', 1, '1', 0.263872504),
(1494, 144, '2017-07-05 10:30:12', 1, '2', 0.122180521),
(1495, 144, '2017-07-05 10:30:12', 1, '3', 0.24672851),
(1496, 144, '2017-07-05 10:30:12', 1, '4', 0.0644504204),
(1497, 144, '2017-07-05 10:30:12', 1, '5', 0.102832928),
(1498, 144, '2017-07-05 10:30:12', 2, '0', 0.212453172),
(1499, 144, '2017-07-05 10:30:12', 2, '1', 0.194464371),
(1500, 144, '2017-07-05 10:30:12', 2, '2', 0.15520294),
(1501, 144, '2017-07-05 10:30:12', 2, '3', 0.187928125),
(1502, 144, '2017-07-05 10:30:12', 2, '4', 0.135041788),
(1503, 144, '2017-07-05 10:30:12', 2, '5', 0.114909634),
(1513, 167, '2017-07-06 09:21:21', 0, '0', 0.387237281),
(1514, 167, '2017-07-06 09:21:21', 0, '1', 0.28218171),
(1515, 167, '2017-07-06 09:21:21', 0, '2', 0.330581009),
(1516, 167, '2017-07-06 09:21:21', 1, '0', 0.34178412),
(1517, 167, '2017-07-06 09:21:21', 1, '1', 0.359915644),
(1518, 167, '2017-07-06 09:21:21', 1, '2', 0.298300207),
(1519, 167, '2017-07-06 09:21:21', 2, '0', 0.335745215),
(1520, 167, '2017-07-06 09:21:21', 2, '1', 0.408472955),
(1521, 167, '2017-07-06 09:21:21', 2, '2', 0.255781859),
(1549, 166, '2017-07-06 19:34:04', 0, '0', 0.293382049),
(1550, 166, '2017-07-06 19:34:04', 0, '1', 0.321811259),
(1551, 166, '2017-07-06 19:34:04', 0, '2', 0.384806663),
(1552, 166, '2017-07-06 19:34:04', 1, '0', 0.293382049),
(1553, 166, '2017-07-06 19:34:04', 1, '1', 0.321811259),
(1554, 166, '2017-07-06 19:34:04', 1, '2', 0.384806663),
(1555, 166, '2017-07-06 19:34:04', 2, '0', 0.225585639),
(1556, 166, '2017-07-06 19:34:04', 2, '1', 0.323718607),
(1557, 166, '2017-07-06 19:34:04', 2, '2', 0.450695813),
(1585, 176, '2017-07-06 20:27:32', 0, '0', 0.324120134),
(1586, 176, '2017-07-06 20:27:32', 0, '1', 0.25180003),
(1587, 176, '2017-07-06 20:27:32', 0, '2', 0.0693411008),
(1588, 176, '2017-07-06 20:27:32', 0, '3', 0.151545733),
(1589, 176, '2017-07-06 20:27:32', 0, '4', 0.134602696),
(1590, 176, '2017-07-06 20:27:32', 0, '5', 0.0685902238),
(1591, 176, '2017-07-06 20:27:32', 1, '0', 0.199935094),
(1592, 176, '2017-07-06 20:27:32', 1, '1', 0.263872504),
(1593, 176, '2017-07-06 20:27:32', 1, '2', 0.122180521),
(1594, 176, '2017-07-06 20:27:32', 1, '3', 0.24672851),
(1595, 176, '2017-07-06 20:27:32', 1, '4', 0.0644504204),
(1596, 176, '2017-07-06 20:27:32', 1, '5', 0.102832928),
(1597, 176, '2017-07-06 20:27:32', 2, '0', 0.211732373),
(1598, 176, '2017-07-06 20:27:32', 2, '1', 0.195026144),
(1599, 176, '2017-07-06 20:27:32', 2, '2', 0.155230746),
(1600, 176, '2017-07-06 20:27:32', 2, '3', 0.187864572),
(1601, 176, '2017-07-06 20:27:32', 2, '4', 0.135114864),
(1602, 176, '2017-07-06 20:27:32', 2, '5', 0.115031354),
(1603, 168, '2017-07-06 22:47:01', 0, '0', 0.432768136),
(1604, 168, '2017-07-06 22:47:01', 0, '1', 0.353723437),
(1605, 168, '2017-07-06 22:47:01', 0, '2', 0.213508412),
(1606, 168, '2017-07-06 22:47:01', 1, '0', 0.336051941),
(1607, 168, '2017-07-06 22:47:01', 1, '1', 0.30009079),
(1608, 168, '2017-07-06 22:47:01', 1, '2', 0.363857299),
(1609, 168, '2017-07-06 22:47:01', 2, '0', 0.35580495),
(1610, 168, '2017-07-06 22:47:01', 2, '1', 0.290825099),
(1611, 168, '2017-07-06 22:47:01', 2, '2', 0.353369921);

-- --------------------------------------------------------

--
-- Struttura della tabella `user`
--

CREATE TABLE `user` (
  `id` int(11) NOT NULL,
  `first_name` text NOT NULL,
  `last_name` text NOT NULL,
  `email` char(30) NOT NULL,
  `role` char(20) NOT NULL COMMENT 'admin or user',
  `insert_date` datetime NOT NULL,
  `quest_id` int(11) NOT NULL,
  `salt` char(128) NOT NULL,
  `password` char(128) NOT NULL,
  `username` varchar(30) NOT NULL,
  `field_expert` int(11) DEFAULT NULL COMMENT 'economic, engineer or other',
  `age` int(11) NOT NULL
) ENGINE=InnoDB DEFAULT CHARSET=latin1;

--
-- Dump dei dati per la tabella `user`
--

INSERT INTO `user` (`id`, `first_name`, `last_name`, `email`, `role`, `insert_date`, `quest_id`, `salt`, `password`, `username`, `field_expert`, `age`) VALUES
(81, 'Test1', ' ', 'stanislaograzioso@gmail.com', '', '2015-12-01 15:13:30', 0, '', '', '', 49, 0),
(82, 'Test2', ' ', 'stanislao.grazioso@unina.it', '', '2015-12-01 16:54:45', 0, '', '', '', 49, 0),
(83, 'Test3', ' ', 'alessiobalsamo@hotmail.it', '', '2015-12-01 16:59:07', 0, '', '', '', 49, 0),
(84, 'Test4', ' ', 'man.dimaio@gmail.com', '', '2015-12-01 18:00:25', 0, '', '', '', 49, 0),
(85, 'Test5', ' ', 'man.dimaio@studenti.unina.it', '', '2015-12-01 18:03:38', 0, '', '', '', 49, 0),
(86, 'Test6', ' ', 'cdimaio1953@gmail.com', '', '2015-12-01 18:06:50', 0, '', '', '', 49, 0),
(87, 'Test7', ' ', 'crisd.didato@gmail.com', '', '2015-12-01 18:09:50', 0, '', '', '', 49, 0),
(89, 'Test8', ' ', 'Test8@gmail.com', '', '2016-08-13 18:32:03', 0, '', '', '', 49, 0),
(92, 'europeo', '', 'd@it.ir', '', '2017-02-27 17:12:33', 0, '', '', '', 1, 33),
(94, 'mat', '', 'ma@it.it', '', '2017-02-27 23:53:39', 0, '', '', '', 3, 34),
(95, 'test2 ', '', 'test2@test2.it', '', '2017-03-06 12:01:57', 0, '', '', '', 3, 32),
(96, 'test3', '', 'test3@test2.it', '', '2017-03-06 12:03:56', 0, '', '', '', 48, 33),
(97, 'test4', '', 'test@test33.it', '', '2017-03-06 12:07:04', 0, '', '', '', 4, 36),
(98, 'test6', '', 'test6@test6.it', '', '2017-03-06 12:09:30', 0, '', '', '', 63, 36),
(99, 'Enrico', '', 'enric@i.it', '', '2017-05-02 13:16:04', 0, '', '', '', 49, 33),
(100, 'mario', '', 'mario@unina.it', '', '2017-07-05 09:04:45', 0, '', '', '', 97, 23),
(101, 'luiig', '', 'sg@luigi.com', '', '2017-07-05 09:10:41', 0, '', '', '', 118, 34),
(102, 'Stani', '', 'stani@gmail.com', '', '2017-07-05 11:47:58', 0, '', '', '', 97, 27),
(103, 'fg', '', 'gg@unin.it', '', '2017-07-05 11:49:15', 0, '', '', '', 97, 27),
(104, 'sf', '', 's@gh.it', '', '2017-07-05 11:50:12', 0, '', '', '', 97, 45),
(105, 'stani', '', 'sg@gmail.com', '', '2017-07-05 11:52:19', 0, '', '', '', 97, 27),
(106, 'Stani', '', 'stani@unina.it', '', '2017-07-05 11:58:03', 0, '', '', '', 97, 27),
(107, 'testina', '', 'tes@hm.it', '', '2017-07-05 19:33:50', 0, '', '', '', 97, 27),
(108, 'testa', '', 'testa@hy.com', '', '2017-07-05 19:35:47', 0, '', '', '', 97, 26),
(109, 'Test2', '', 'tesi@gmail.com', '', '2017-07-06 09:45:05', 0, '', '', '', 97, 28),
(110, 'sf', '', 'sf@ht.com', '', '2017-07-06 11:35:32', 0, '', '', '', 97, 35),
(111, 'ft', '', 'st@hy.it', '', '2017-07-06 14:31:52', 0, '', '', '', 97, 27),
(112, 'sss', '', 'ss@ju.it', '', '2017-07-06 19:06:32', 0, '', '', '', 97, 27),
(113, 'sg', '', 'sg@ht.it', '', '2017-07-06 19:26:58', 0, '', '', '', 97, 28),
(114, 'Test1', '', 'test1@gmail.com', '', '2017-07-06 19:46:01', 0, '', '', '', 97, 28),
(115, 'Test2', '', 'test2@gmail.com', '', '2017-07-06 19:53:21', 0, '', '', '', 97, 29),
(116, 'Test3', '', 'test3@gmail.com', '', '2017-07-06 19:58:49', 0, '', '', '', 97, 32),
(117, 'Test4', '', 'test4@gmail.com', '', '2017-07-06 20:03:20', 0, '', '', '', 97, 29),
(118, 'Test5', '', 'test5@unina.it', '', '2017-07-06 20:08:27', 0, '', '', '', 48, 54),
(119, 'Test6', '', 'test6@gmail.com', '', '2017-07-06 20:13:56', 0, '', '', '', 48, 31),
(120, 'Test7', '', 'test7@unina.it', '', '2017-07-06 20:19:37', 0, '', '', '', 38, 30),
(121, 'mateusz', '', 'mateusz.gospodarczyk@uniroma2.', '', '2017-07-06 22:10:18', 0, '', '', '', 49, 34);

--
-- Indici per le tabelle scaricate
--

--
-- Indici per le tabelle `alternative`
--
ALTER TABLE `alternative`
  ADD PRIMARY KEY (`id`),
  ADD UNIQUE KEY `uc_name_quest` (`name`,`questionnaire_id`),
  ADD KEY `questionnaire_id_2` (`questionnaire_id`),
  ADD KEY `user_id` (`user_id`);

--
-- Indici per le tabelle `criteria`
--
ALTER TABLE `criteria`
  ADD PRIMARY KEY (`id`) USING BTREE,
  ADD UNIQUE KEY `uc_name_quest` (`quest_id`,`name`);

--
-- Indici per le tabelle `criteria_alternative`
--
ALTER TABLE `criteria_alternative`
  ADD UNIQUE KEY `id` (`id`) USING BTREE,
  ADD UNIQUE KEY `unique_index` (`alt1`,`alt2`,`questionnaire_id`,`user_id`,`cri_id`) USING BTREE,
  ADD KEY `questionnaire_id` (`questionnaire_id`),
  ADD KEY `user_id` (`user_id`),
  ADD KEY `alt2` (`alt2`),
  ADD KEY `alt1` (`alt1`),
  ADD KEY `cri_id` (`cri_id`),
  ADD KEY `linguistic_id` (`linguistic_id`);

--
-- Indici per le tabelle `final_score`
--
ALTER TABLE `final_score`
  ADD PRIMARY KEY (`id`),
  ADD KEY `quest_id` (`quest_id`);

--
-- Indici per le tabelle `job_cat`
--
ALTER TABLE `job_cat`
  ADD PRIMARY KEY (`job_id`);

--
-- Indici per le tabelle `linguistic_scale`
--
ALTER TABLE `linguistic_scale`
  ADD PRIMARY KEY (`id`);

--
-- Indici per le tabelle `questionnaire`
--
ALTER TABLE `questionnaire`
  ADD PRIMARY KEY (`id`),
  ADD UNIQUE KEY `name` (`name`);

--
-- Indici per le tabelle `questionnarie_user`
--
ALTER TABLE `questionnarie_user`
  ADD PRIMARY KEY (`id`),
  ADD KEY `quest_id` (`quest_id`),
  ADD KEY `user_id` (`user_id`);

--
-- Indici per le tabelle `questions`
--
ALTER TABLE `questions`
  ADD PRIMARY KEY (`id`),
  ADD UNIQUE KEY `uc_con` (`cr1`,`cr2`,`questionnaire`),
  ADD KEY `questionnaire` (`questionnaire`),
  ADD KEY `cr1` (`cr1`),
  ADD KEY `cr2` (`cr2`);

--
-- Indici per le tabelle `question_linguistic_scale`
--
ALTER TABLE `question_linguistic_scale`
  ADD PRIMARY KEY (`id`),
  ADD UNIQUE KEY `uc_un_ql` (`questions_id`,`user`),
  ADD KEY `questions_id` (`questions_id`),
  ADD KEY `user` (`user`),
  ADD KEY `ling_scale_id` (`ling_scale_id`),
  ADD KEY `quest_id` (`quest_id`);

--
-- Indici per le tabelle `results_preferences`
--
ALTER TABLE `results_preferences`
  ADD PRIMARY KEY (`id`),
  ADD UNIQUE KEY `quest_id_2` (`quest_id`,`criteria`),
  ADD KEY `criteria` (`criteria`),
  ADD KEY `quest_id` (`quest_id`);

--
-- Indici per le tabelle `results_suitability`
--
ALTER TABLE `results_suitability`
  ADD PRIMARY KEY (`id`),
  ADD KEY `quest_id` (`quest_id`);

--
-- Indici per le tabelle `user`
--
ALTER TABLE `user`
  ADD PRIMARY KEY (`id`),
  ADD UNIQUE KEY `email` (`email`),
  ADD KEY `quest_id` (`quest_id`),
  ADD KEY `cat_user_idx` (`field_expert`);

--
-- AUTO_INCREMENT per le tabelle scaricate
--

--
-- AUTO_INCREMENT per la tabella `alternative`
--
ALTER TABLE `alternative`
  MODIFY `id` int(11) NOT NULL AUTO_INCREMENT, AUTO_INCREMENT=130;
--
-- AUTO_INCREMENT per la tabella `criteria`
--
ALTER TABLE `criteria`
  MODIFY `id` int(11) NOT NULL AUTO_INCREMENT, AUTO_INCREMENT=72;
--
-- AUTO_INCREMENT per la tabella `criteria_alternative`
--
ALTER TABLE `criteria_alternative`
  MODIFY `id` int(11) NOT NULL AUTO_INCREMENT, AUTO_INCREMENT=1092;
--
-- AUTO_INCREMENT per la tabella `final_score`
--
ALTER TABLE `final_score`
  MODIFY `id` int(11) NOT NULL AUTO_INCREMENT, AUTO_INCREMENT=532;
--
-- AUTO_INCREMENT per la tabella `job_cat`
--
ALTER TABLE `job_cat`
  MODIFY `job_id` int(11) NOT NULL AUTO_INCREMENT, AUTO_INCREMENT=202;
--
-- AUTO_INCREMENT per la tabella `linguistic_scale`
--
ALTER TABLE `linguistic_scale`
  MODIFY `id` int(11) NOT NULL AUTO_INCREMENT, AUTO_INCREMENT=9;
--
-- AUTO_INCREMENT per la tabella `questionnaire`
--
ALTER TABLE `questionnaire`
  MODIFY `id` int(11) NOT NULL AUTO_INCREMENT, AUTO_INCREMENT=177;
--
-- AUTO_INCREMENT per la tabella `questionnarie_user`
--
ALTER TABLE `questionnarie_user`
  MODIFY `id` int(11) NOT NULL AUTO_INCREMENT, AUTO_INCREMENT=108;
--
-- AUTO_INCREMENT per la tabella `questions`
--
ALTER TABLE `questions`
  MODIFY `id` int(11) NOT NULL AUTO_INCREMENT, AUTO_INCREMENT=494;
--
-- AUTO_INCREMENT per la tabella `question_linguistic_scale`
--
ALTER TABLE `question_linguistic_scale`
  MODIFY `id` int(11) NOT NULL AUTO_INCREMENT, AUTO_INCREMENT=224;
--
-- AUTO_INCREMENT per la tabella `results_preferences`
--
ALTER TABLE `results_preferences`
  MODIFY `id` int(11) NOT NULL AUTO_INCREMENT, AUTO_INCREMENT=301;
--
-- AUTO_INCREMENT per la tabella `results_suitability`
--
ALTER TABLE `results_suitability`
  MODIFY `id` int(11) NOT NULL AUTO_INCREMENT, AUTO_INCREMENT=1612;
--
-- AUTO_INCREMENT per la tabella `user`
--
ALTER TABLE `user`
  MODIFY `id` int(11) NOT NULL AUTO_INCREMENT, AUTO_INCREMENT=122;
--
-- Limiti per le tabelle scaricate
--

--
-- Limiti per la tabella `alternative`
--
ALTER TABLE `alternative`
  ADD CONSTRAINT `alternative_ibfk_1` FOREIGN KEY (`questionnaire_id`) REFERENCES `questionnaire` (`id`);

--
-- Limiti per la tabella `criteria`
--
ALTER TABLE `criteria`
  ADD CONSTRAINT `criteria_ibfk_1` FOREIGN KEY (`quest_id`) REFERENCES `questionnaire` (`id`);

--
-- Limiti per la tabella `criteria_alternative`
--
ALTER TABLE `criteria_alternative`
  ADD CONSTRAINT `criteria_alternative_ibfk_1` FOREIGN KEY (`questionnaire_id`) REFERENCES `questionnaire` (`id`),
  ADD CONSTRAINT `criteria_alternative_ibfk_2` FOREIGN KEY (`user_id`) REFERENCES `user` (`id`),
  ADD CONSTRAINT `criteria_alternative_ibfk_4` FOREIGN KEY (`linguistic_id`) REFERENCES `linguistic_scale` (`id`),
  ADD CONSTRAINT `criteria_alternative_ibfk_5` FOREIGN KEY (`cri_id`) REFERENCES `criteria` (`id`),
  ADD CONSTRAINT `criteria_alternative_ibfk_6` FOREIGN KEY (`alt1`) REFERENCES `alternative` (`id`),
  ADD CONSTRAINT `criteria_alternative_ibfk_7` FOREIGN KEY (`alt2`) REFERENCES `alternative` (`id`);

--
-- Limiti per la tabella `questionnarie_user`
--
ALTER TABLE `questionnarie_user`
  ADD CONSTRAINT `questionnarie_user_ibfk_1` FOREIGN KEY (`quest_id`) REFERENCES `questionnaire` (`id`),
  ADD CONSTRAINT `questionnarie_user_ibfk_2` FOREIGN KEY (`user_id`) REFERENCES `user` (`id`);

--
-- Limiti per la tabella `question_linguistic_scale`
--
ALTER TABLE `question_linguistic_scale`
  ADD CONSTRAINT `question_linguistic_scale_ibfk_1` FOREIGN KEY (`questions_id`) REFERENCES `questions` (`id`),
  ADD CONSTRAINT `question_linguistic_scale_ibfk_2` FOREIGN KEY (`user`) REFERENCES `user` (`id`),
  ADD CONSTRAINT `question_linguistic_scale_ibfk_3` FOREIGN KEY (`ling_scale_id`) REFERENCES `linguistic_scale` (`id`),
  ADD CONSTRAINT `question_linguistic_scale_ibfk_4` FOREIGN KEY (`quest_id`) REFERENCES `questionnaire` (`id`);

/*!40101 SET CHARACTER_SET_CLIENT=@OLD_CHARACTER_SET_CLIENT */;
/*!40101 SET CHARACTER_SET_RESULTS=@OLD_CHARACTER_SET_RESULTS */;
/*!40101 SET COLLATION_CONNECTION=@OLD_COLLATION_CONNECTION */;
